Unnamed: 0,eid,e_name,phoneno,doj
0,101.0,Vinayak Sharma,2828913819.0,01-01-2017
1,102.0,Anushka Tripathi,5878284727.0,01-01-2019
2,103.0,Vishal Mehta,6192819739.0,03-08-2017
3,104.0,Aryan Gupta,1537393691.0,10-12-2019
4,105.0,Arvind Soni,3839101038.0,08-07-2020
5,106.0,Anupam Mittal,2938193389.0,02-03-2021
6,107.0,Namita Garg,3627354189.0,09-02-2019
7,108.0,Vandana Chopra,8262738299.0,06-01-2018
8,109.0,Himesh Aggarwal,5272937202.0,03-09-2021
9,110.0,Bhavika Goel,3972638102.0,05-02-2019
10,111.0,Raj Mehra,3983920392.0,04-09-2021
11,112.0,Ravina Verma,6868542087.0,09-07-2021
